slug,address,land_m2,internal_living_area_m2,internal_area_confidence,garage_or_car_storage_m2,internal_area_as_percent_of_land,bedrooms,master_size,master_band,secondary_bedroom_sizes,secondary_bedroom_band,study_or_retreat_size,study_or_retreat_band,primary_living_size,primary_living_band,secondary_living_size,secondary_living_band,dining_size,dining_band,ensuite_band,main_bathroom_band,kitchen_storage_band,outdoor_space_band,space_takeaway
1-buick-crescent-mill-park,"1 Buick Crescent, Mill Park VIC 3082",303,130-145,estimate from floorplan,20.4,43-48%,3,4.6 x 3.3 = 15.2m2,large,3.7 x 2.7 = 10.0m2; 3.0 x 3.4 = 10.2m2,mid,5.1 x 4.8 = 24.5m2,extra-large,3.6 x 5.0 = 18.0m2,mid-large,,,3.2 x 5.0 = 16.0m2,large,compact,mid,large,large covered alfresco,Best dedicated WFH/retreat; compact land but spacious usable layout because of vertical floor area and covered outdoor zone.
31-st-hellier-street-heidelberg-heights,"31 St Hellier Street, Heidelberg Heights VIC 3081",303,105-120; 166 reported floor area,estimate plus reported listing floor area,31.2,35-40% internal estimate; 55% if using reported 166m2,3,3.1 x 3.5 = 10.9m2,mid,3.6 x 2.7 = 9.7m2; 2.5 x 3.0 = 7.5m2,small-to-mid,No dedicated study; bedroom 3 = 7.5m2 if used as office,small,3.9 x 5.4 = 21.1m2,large,,,3.2 x 4.1 = 13.1m2,mid,compact,mid,large,mid garden/deck; more upkeep,Good single-level living and kitchen; weakest for study and bedroom spaciousness.
10-northbridge-road-highton,"10 Northbridge Road, Highton VIC 3216",322,140-155,estimate from floorplan,34.2,43-48%,4,3.7 x 3.8 = 14.1m2,large,3.0 x 3.0 = 9.0m2 x3,mid,Retreat 3.7 x 2.9 = 10.7m2 plus study nook 2.0 x 3.0 = 6.0m2,large combined,4.0 x 3.9 = 15.6m2,mid,Retreat 10.7m2,mid,3.5 x 2.9 = 10.2m2,mid,compact-mid,mid,large,small low-maintenance courtyard,Best balanced newer layout: 4 bedrooms plus real study/retreat on compact land.
23-arbour-grove-belmont,"23 Arbour Grove, Belmont VIC 3216",239,135-150,estimate from floorplan,21,56-63%,4,4.0 x 4.2 = 16.8m2,large,3.5 x 3.2 = 11.2m2; 3.5 x 3.7 = 13.0m2; 4.3 x 3.0 = 12.9m2,mid-large,Upstairs lounge 3.6 x 3.7 = 13.3m2; bedroom 4 can also be office,large,Family/living approx 5.2 x 4.7 = 24.4m2,large,Upstairs lounge 13.3m2,mid-large,Integrated with family/living,mid-large,mid,mid-large,large,small low-maintenance alfresco/courtyard,"Most room-efficient property: smallest land, but strong master, secondary bedrooms, three bathrooms and usable retreat."
44-waurnvale-drive-belmont,"44 Waurnvale Drive, Belmont VIC 3216",653,150,floorplan stated,22,23%,3,3.5 x 3.3 = 11.6m2,mid,3.5 x 3.3 = 11.6m2; bedroom 3/office 3.0 x 4.3 = 12.9m2,mid-large,Bedroom 3/office 3.0 x 4.3 = 12.9m2,large,Lounge 4.2 x 6.0 = 25.2m2,large,Family 4.2 x 5.0 = 21.0m2,large,2.0 x 4.0 = 8.0m2,small-mid,compact,mid-large,mid-large,large block; more maintenance,"Biggest internal living zones and land, but only 3 bedrooms and lower built-area density."
1-cardinal-close-mill-park,"1 Cardinal Close, Mill Park VIC 3082",801,146 reported; 125-140 internal living estimate,reported floor area plus room dimensions from floorplan,0,18% reported building coverage; 16-18% internal estimate,3,3.4 x 3.8 = 12.9m2,mid,3.4 x 2.8 = 9.5m2; 3.4 x 2.8 = 9.5m2,mid,No dedicated study; bedroom 2 or 3 would need to become office,small compromise,Dining/living 7.3 x 3.6 = 26.3m2,large,Family/meals 4.5 x 2.8 = 12.6m2,small-mid,Family/meals integrated with kitchen,mid,compact,mid,mid-large,large lawn plus covered side verandah; higher maintenance,"Good single-level living area and kitchen, but the 801m2 block is maintenance-heavy and the floorplan lacks a true study."
11-archer-place-mill-park,"11 Archer Place, Mill Park VIC 3082",697,155-175,estimate from measured floorplan rooms,55,22-25%,3,approx 4.5 x 3.8 = 17.1m2,large,Two secondary bedrooms appear mid-sized,mid,Study 3.6 x 2.9 = 10.4m2,large,Living 6.8 x 4.1 = 27.9m2,large,Family/rumpus 6.6 x 3.6 = 23.8m2,large,Dining 2.8 x 4.4 = 12.3m2,mid,compact,mid,mid-large but dated,large covered pergola plus large lawn,"Excellent internal spread for WFH and multiple living zones, but much of the total value is land and garden maintenance."
2-hartley-court-mill-park,"2 Hartley Court, Mill Park VIC 3082",660,165-185,estimate from measured floorplan rooms,32,25-28%,4,3.7 x 3.9 = 14.4m2,large,3.3 x 3.6 = 11.9m2; 3.2 x 3.4 = 10.9m2; 3.0 x 3.4 = 10.2m2,mid-large,Upstairs retreat 3.6 x 3.4 = 12.2m2; bedroom 4 can work as office,large,Family 6.3 x 3.9 = 24.6m2,large,Lounge 3.7 x 4.3 = 15.9m2,mid-large,Meals 3.2 x 3.5 = 11.2m2,mid,mid,mid,large,large covered alfresco plus lawn,"Best new-batch layout fit: genuine 4 bedrooms, retreat, two living zones and good kitchen; price and yard burden are the checks."
18-streeton-circuit-mill-park,"18 Streeton Circuit, Mill Park VIC 3082",603,125-140,estimate from measured floorplan rooms,0,21-23%,4,3.5 x 3.6 = 12.6m2,mid,2.7 x 4.1 = 11.1m2; 3.0 x 3.0 = 9.0m2; 2.6 x 2.7 = 7.0m2,small-to-mid,Bedroom 4 is the realistic office option,small compromise,Family 3.6 x 6.2 = 22.3m2,large,Lounge 5.1 x 3.5 = 17.9m2,mid-large,Integrated kitchen/meals,mid,compact,mid,mid,large alfresco plus large lawn,"Functional 4-bed family plan at a better price point, but room sizes and older yard-heavy feel are materially weaker than the best-fit homes."
5-berala-place-mill-park,"5 Berala Place, Mill Park VIC 3082",575,145-160,estimate from measured floorplan rooms,0,25-28%,4,3.3 x 3.0 = 9.9m2,mid,2.6 x 3.0 = 7.8m2; 2.6 x 3.0 = 7.8m2; 3.2 x 3.0 = 9.6m2,small-to-mid,Study 2.8 x 2.7 = 7.6m2,mid,Lounge/dining 7.9 x 4.1 = 32.4m2,large,Living 5.3 x 2.9 = 15.4m2,mid,Integrated with lounge/dining,large,compact,mid,mid,large pergola/lawn,"Useful sold comp: dedicated study and good living spread, but bedrooms are not generous and the larger block carries maintenance."
2a-macadam-street-daylesford,"2A Macadam Street, Daylesford VIC 3460",447,95-115,estimate from floorplan and listing description,0,21-26%,3,approx 3.7 x 3.5 = 13.0m2,mid-large,One true second bedroom plus office/studio,small-to-mid,Office/studio is useful but substitutes for family bedrooms,mid,Living approx 4.3 x 5.2 = 22.4m2,large,,,Kitchen/dining integrated,mid,none,large single bathroom,mid,small cottage garden/verandah,"Lovely cottage scale, but not a family-home fit: essentially 2 bed plus office/studio and only one main bathroom."
18-westwood-drive-mill-park,"18 Westwood Drive, Mill Park VIC 3082",241,150-170,estimate from measured two-level floorplan,32,62-71%,4,4.8 x 3.6 = 17.3m2,large,3.2 x 3.8 = 12.2m2; 3.3 x 3.4 = 11.2m2; downstairs bed/study 2.7 x 2.7 = 7.3m2,mid-large except study,Downstairs bed/study 2.7 x 2.7 = 7.3m2,small-mid,Meals/family 3.3 x 5.3 = 17.5m2,mid-large,Lounge 3.6 x 4.8 = 17.3m2,mid-large,Kitchen/meals integrated,mid,large,mid,mid,very low-maintenance courtyard/balcony,"High built-area density and good bedrooms on compact land, but the townhouse-like title/type issue may override the space positives."
20-northampton-crescent-caroline-springs,"20 Northampton Crescent, Caroline Springs VIC 3023",550,unknown,no reliable live floorplan captured,0,unknown,3,unknown,unknown,unknown,unknown,unknown,unknown,unknown,unknown,unknown,unknown,unknown,unknown,unknown,unknown,unknown,unknown,No reliable floorplan/photos yet. Treat all space fields as placeholders until a live listing URL or email alert arrives.
11-northbridge-road-highton,"11 Northbridge Road, Highton VIC 3216",356,115,floorplan stated ground floor,35,32% internal living; 42% including garage,3,3.3 x 3.0 = 9.9m2,small-mid,2.9 x 3.0 = 8.7m2; 3.2 x 2.9 = 9.3m2,small-to-mid,No dedicated study; bedroom 3 or lounge would need to become WFH,small compromise,Family 3.6 x 4.3 = 15.5m2,mid,Lounge 3.6 x 4.0 = 14.4m2,mid,Dining 3.6 x 3.3 = 11.9m2,mid,compact,mid,large,small deck plus compact low-maintenance garden,"Very polished, bright and low-maintenance, but spatially weaker than 10 Northbridge because there is no 4th bedroom, retreat or study."
77-prince-of-wales-avenue-mill-park,"77 Prince Of Wales Avenue, Mill Park VIC 3082",560,140-155,estimate from measured floorplan; property profile reports 210m2 building area,0,25-28% internal estimate; 38% if reported building area includes covered carport/areas,3,3.6 x 3.2 = 11.5m2,mid,3.0 x 3.0 = 9.0m2; 3.0 x 3.0 = 9.0m2,mid,Office 2.9 x 3.0 = 8.7m2,mid,Living 4.0 x 6.4 = 25.6m2,large,,,Dining 3.5 x 3.3 = 11.6m2,mid,compact-mid,mid,large with WIP,covered carport/patio plus manageable lawn,"Best 3-bed Mill Park value pattern because it has a real office and WIP, but refreshed $810k asking evidence means the older shell/carport/yard compromise needs sharper price discipline."
1-14-mary-street-hamlyn-heights,"1/14 Mary Street, Hamlyn Heights VIC 3215",253,120-135,estimate from measured floorplan excluding garage,23,47-53% internal estimate; 56-62% including garage,3,4.3 x 4.8 = 20.6m2,extra-large,2.9 x 4.0 = 11.6m2; 3.5 x 3.3 = 11.6m2,mid-large,No dedicated study; bedroom 3 is realistic office,bedroom compromise,Living 6.1 x 5.1 = 31.1m2,large,,,4.0 x 3.5 = 14.0m2,large,mid-large,large,mid-large,north-facing open deck/courtyard,"Strong townhouse layout with large master, good secondary bedrooms and low maintenance deck, but the X/Y townhouse format breaches the hard filter."
1-woodhill-place-mill-park,"1 Woodhill Place, Mill Park VIC 3082",355,125-140,estimate from measured floorplan rooms,38.4,35-39% internal estimate; 46-50% including garage,3,4.0 x 4.0 = 16.0m2,large,3.0 x 3.0 = 9.0m2; 3.0 x 3.1 = 9.3m2,mid,No dedicated study; one secondary bedroom must become office,small compromise,Lounge 3.4 x 5.5 = 18.7m2,mid-large,,,4.6 x 3.2 = 14.7m2,large,mid,mid,large renovated kitchen with pantry/island,compact low-maintenance paved/garden surrounds,"Polished low-maintenance 3-bed with large master and strong kitchen/garage, but no dedicated study and current asking price weaken the fit."
36-littlewood-drive-fyansford,"36 Littlewood Drive, Fyansford VIC 3218",389,125-145,estimate from 3-bed listing profile; floorplan dimensions not captured,32,32-37% internal estimate; 40-46% including garage,3,unknown,likely mid,unknown,likely mid,No dedicated study; bedroom 3 likely office,small compromise,Open-plan living/dining likely,unknown,,,Integrated meals likely,unknown,modern compact,modern mid,stone kitchen noted; pantry depth unknown,compact low-maintenance yard,"Newer compact 3-bed format is pleasant but not ideal: verify that losing one bedroom to WFH does not make the home feel too small."
14-hardiman-circuit-fyansford,"14 Hardiman Circuit, Fyansford VIC 3218",315,145-165,estimate from listing/profile type; floorplan dimensions not captured,32,46-52% internal estimate; 56-63% including garage,4,unknown,likely mid,unknown,likely mid,Fourth bedroom can be office if no dedicated study,bedroom compromise,Open-plan living/dining likely,unknown,,,Integrated meals likely,unknown,modern compact-mid,modern mid,modern kitchen likely; pantry depth unknown,compact low-maintenance yard,"Strong Fyansford utility on paper: 4-bed count on compact land, but inspect for tight living proportions and light."
37-salisbury-circuit-fyansford,"37 Salisbury Circuit, Fyansford VIC 3218",368,145-165,estimate from 4-bed compact profile; floorplan dimensions not captured,18,39-45% internal estimate; 44-50% including garage,4,unknown,mid,unknown,mid,Fourth bedroom can be office if no dedicated study,bedroom compromise,Open-plan living likely,unknown,,,Integrated meals likely,unknown,modern compact,modern mid,modern kitchen likely; storage unknown,compact low-maintenance yard,"Useful 4-bed Fyansford profile, but one-car parking/storage is the functional tradeoff against Hardiman/Littlewood."
21-tetila-avenue-grovedale,"21 Tetila Avenue, Grovedale VIC 3216",349,115-135,estimate from 3-bed listing profile; floorplan dimensions not captured,32,33-39% internal estimate; 42-48% including garage,3,unknown,mid,unknown,small-to-mid,No dedicated study; bedroom 3 likely office,small compromise,Open-plan living likely,unknown,,,Integrated meals likely,unknown,compact,mid,standard kitchen; storage unknown,compact manageable yard,"Affordable 3-bed/2-bath profile, but updated pricing makes it less of a bargain and it still does not solve the study/space preference."
18-landes-avenue-highton,"18 Landes Avenue, Highton VIC 3216",347,125-145,estimate from 3-bed Highton listing profile; floorplan dimensions not captured,32,36-42% internal estimate; 45-51% including garage,3,unknown,mid,unknown,mid,No dedicated study; bedroom 3 likely office,small compromise,Open-plan living likely,unknown,,,Integrated meals likely,unknown,modern compact-mid,modern mid,modern kitchen likely; pantry depth unknown,compact sloping-site outdoor/deck possible,"Highton location/light may be strong, but the 3-bed/no-study profile needs a sharper price or exceptional living feel."
158-grantham-drive-highton,"158 Grantham Drive, Highton VIC 3216",340,155-180,estimate from 4-bed two-level townhouse listing profile,32,46-53% internal estimate; 55-62% including garage,4,downstairs master suite noted,likely large,unknown,likely mid,Fourth bedroom/upstairs living can support WFH,large combined,Main living with view/deck relationship likely,mid-large,Possible second living/flex zone,mid,Integrated dining likely,mid,modern,modern,stone kitchen with island and walk-in pantry noted,deck/balcony/courtyard low-maintenance,"Functionally strong for WFH/storage, but townhouse classification/title risk overrides the space positives under current hard filters."
2-54-barrabool-road-highton,"2/54 Barrabool Road, Highton VIC 3216",0,152,listing mirror stated apartment/unit area,16,not meaningful for unit/apartment,3,unknown,unknown,unknown,unknown,No dedicated study; one bedroom would be office,bedroom compromise,Apartment/unit living area unknown,unknown,,,Dining unknown,unknown,unknown,unknown,unknown,apartment/unit outdoor unknown,"Bathroom count and low maintenance are good on paper, but X-Y apartment/unit format makes the space irrelevant to the freestanding-house brief."
